Issue ID,URL,Title,State,Description,Author,Author Username,Assignee,Assignee Username,Confidential,Locked,Due Date,Created At (UTC),Updated At (UTC),Closed At (UTC),Milestone,Weight,Labels,Time Estimate,Time Spent
41,https://costa.ls.fi.upm.es/gitlab/230291/parking-jam/-/issues/41,Undo last movement,Open,"As a player, I want to undo the last movement so that I can correct mistakes during the current level.","HERNÁNDEZ SÁNCHEZ, ALEJANDRO",230291,"HERNÁNDEZ SÁNCHEZ, ALEJANDRO",230291,No,No,,2026-05-06 19:26:51,2026-06-07 16:50:12,,Sprint 2,,"User-story,high,to-do",0,0
42,https://costa.ls.fi.upm.es/gitlab/230291/parking-jam/-/issues/42,Save the current game,Open,"As a player, I want to save my current game so that I can continue later.","HERNÁNDEZ SÁNCHEZ, ALEJANDRO",230291,"RIOJA PERALES, ASIER",230042,No,No,,2026-05-06 19:28:02,2026-06-07 16:59:19,,Sprint 2,,"User-story,high,to-do",0,0
43,https://costa.ls.fi.upm.es/gitlab/230291/parking-jam/-/issues/43,Load Saved Game,Open,"As a player, I want to load a previously saved game so that I can continue playing later.","HERNÁNDEZ SÁNCHEZ, ALEJANDRO",230291,"RIOJA PERALES, ASIER",230042,No,No,,2026-05-06 19:31:16,2026-06-07 16:59:08,,Sprint 2,,"User-story,high,to-do",0,0
44,https://costa.ls.fi.upm.es/gitlab/230291/parking-jam/-/issues/44,Detect invalid levels,Open,"As a player, I want invalid levels to be detected automatically so that the game only loads correct boards.","HERNÁNDEZ SÁNCHEZ, ALEJANDRO",230291,"RIOJA PERALES, ASIER",230042,No,No,,2026-05-06 19:34:25,2026-06-07 16:58:14,,Sprint 2,,"User-story,high,to-do",0,0
45,https://costa.ls.fi.upm.es/gitlab/230291/parking-jam/-/issues/45,Show invalid level error messages,Open,"As a player, I want error messages to appear when a level is invalid.","HERNÁNDEZ SÁNCHEZ, ALEJANDRO",230291,"RIOJA PERALES, ASIER",230042,No,No,,2026-05-06 19:35:03,2026-06-07 16:58:24,,Sprint 2,,"User-story,medium,to-do",0,0
47,https://costa.ls.fi.upm.es/gitlab/230291/parking-jam/-/issues/47,Save undo movement history,Open,"As a player, I want undo history to be preserved after saving/loading the game.","HERNÁNDEZ SÁNCHEZ, ALEJANDRO",230291,"HERNÁNDEZ SÁNCHEZ, ALEJANDRO",230291,No,No,,2026-05-06 19:36:24,2026-06-07 16:52:52,,Sprint 2,,"User-story,medium,to-do",0,0
48,https://costa.ls.fi.upm.es/gitlab/230291/parking-jam/-/issues/48,Preserve scores after save/load,Open,"As a player, I want scores to remain unchanged after loading a saved game.","HERNÁNDEZ SÁNCHEZ, ALEJANDRO",230291,"HERNÁNDEZ SÁNCHEZ, ALEJANDRO",230291,No,No,,2026-05-06 19:36:55,2026-06-07 16:55:14,,Sprint 2,,"User-story,medium,to-do",0,0
49,https://costa.ls.fi.upm.es/gitlab/230291/parking-jam/-/issues/49,Open saved game from menu,Open,"As a player, I want a menu option to open saved games.","HERNÁNDEZ SÁNCHEZ, ALEJANDRO",230291,"VALCÁRCEL MONTIEL, PEDRO",230061,No,No,,2026-05-06 19:37:49,2026-06-07 16:54:18,,Sprint 2,,"User-story,medium,to-do",0,0
50,https://costa.ls.fi.upm.es/gitlab/230291/parking-jam/-/issues/50,Save game from menu,Open,"As a player, I want a menu option to save the game.","HERNÁNDEZ SÁNCHEZ, ALEJANDRO",230291,"VALCÁRCEL MONTIEL, PEDRO",230061,No,No,,2026-05-06 19:38:15,2026-06-07 16:53:22,,Sprint 2,,"User-story,medium,to-do",0,0
52,https://costa.ls.fi.upm.es/gitlab/230291/parking-jam/-/issues/52,Improve graphical appearance,Open,"As a player, I want an attractive interface so that the game is easier and nicer to play.","HERNÁNDEZ SÁNCHEZ, ALEJANDRO",230291,"VALCÁRCEL MONTIEL, PEDRO",230061,No,No,,2026-05-06 19:39:14,2026-06-07 16:51:01,,Sprint 2,,"User-story,low,to-do",0,0
53,https://costa.ls.fi.upm.es/gitlab/230291/parking-jam/-/issues/53,Implement undo stack,Open,,"HERNÁNDEZ SÁNCHEZ, ALEJANDRO",230291,"HERNÁNDEZ SÁNCHEZ, ALEJANDRO",230291,No,No,,2026-05-06 19:39:33,2026-06-07 16:50:16,,Sprint 2,,"Work-item,high,to-do",0,0
54,https://costa.ls.fi.upm.es/gitlab/230291/parking-jam/-/issues/54,Implement movement history manager,Open,,"HERNÁNDEZ SÁNCHEZ, ALEJANDRO",230291,"HERNÁNDEZ SÁNCHEZ, ALEJANDRO",230291,No,No,,2026-05-06 19:40:01,2026-06-07 16:50:22,,Sprint 2,,"Work-item,high,to-do",0,0
55,https://costa.ls.fi.upm.es/gitlab/230291/parking-jam/-/issues/55,Implement save system,Open,,"HERNÁNDEZ SÁNCHEZ, ALEJANDRO",230291,"RIOJA PERALES, ASIER",230042,No,No,,2026-05-06 19:40:22,2026-06-07 16:59:12,,Sprint 2,,"Work-item,high,to-do",0,0
56,https://costa.ls.fi.upm.es/gitlab/230291/parking-jam/-/issues/56,Implement load system,Open,,"HERNÁNDEZ SÁNCHEZ, ALEJANDRO",230291,"RIOJA PERALES, ASIER",230042,No,No,,2026-05-06 19:40:43,2026-06-07 16:59:05,,Sprint 2,,"Work-item,high,to-do",0,0
57,https://costa.ls.fi.upm.es/gitlab/230291/parking-jam/-/issues/57,Create save file format,Open,,"HERNÁNDEZ SÁNCHEZ, ALEJANDRO",230291,"RIOJA PERALES, ASIER",230042,No,No,,2026-05-06 19:45:33,2026-06-07 16:59:16,,Sprint 2,,"Work-item,high,to-do",0,0
58,https://costa.ls.fi.upm.es/gitlab/230291/parking-jam/-/issues/58,Implement level validator,Open,Validate all conditions of a level specified in the norms,"HERNÁNDEZ SÁNCHEZ, ALEJANDRO",230291,"RIOJA PERALES, ASIER",230042,No,No,,2026-05-06 19:46:22,2026-06-07 16:58:18,,Sprint 2,,"Work-item,high,to-do",0,0
59,https://costa.ls.fi.upm.es/gitlab/230291/parking-jam/-/issues/59,Implement invalid level skipping,Open,,"HERNÁNDEZ SÁNCHEZ, ALEJANDRO",230291,"RIOJA PERALES, ASIER",230042,No,No,,2026-05-06 19:47:51,2026-06-07 16:58:29,,Sprint 2,,"Work-item,medium,to-do",0,0
60,https://costa.ls.fi.upm.es/gitlab/230291/parking-jam/-/issues/60,Improve GUI visuals,Open,,"HERNÁNDEZ SÁNCHEZ, ALEJANDRO",230291,"VALCÁRCEL MONTIEL, PEDRO",230061,No,No,,2026-05-06 19:49:10,2026-06-07 16:50:56,,Sprint 2,,"Work-item,low,to-do",0,0
63,https://costa.ls.fi.upm.es/gitlab/230291/parking-jam/-/issues/63,Create persistence tests,Open,,"HERNÁNDEZ SÁNCHEZ, ALEJANDRO",230291,"SÁNCHEZ HERRERO, CARLOS",230150,No,No,,2026-05-06 19:49:48,2026-06-07 16:50:50,,Sprint 2,,"Work-item,medium,to-do",0,0
64,https://costa.ls.fi.upm.es/gitlab/230291/parking-jam/-/issues/64,Create undo tests,Open,,"HERNÁNDEZ SÁNCHEZ, ALEJANDRO",230291,"SÁNCHEZ HERRERO, CARLOS",230150,No,No,,2026-05-06 19:50:12,2026-06-07 16:50:45,,Sprint 2,,"Work-item,medium,to-do",0,0
65,https://costa.ls.fi.upm.es/gitlab/230291/parking-jam/-/issues/65,Create integration tests,Open,,"HERNÁNDEZ SÁNCHEZ, ALEJANDRO",230291,"SÁNCHEZ HERRERO, CARLOS",230150,No,No,,2026-05-06 19:50:21,2026-06-07 16:50:40,,Sprint 2,,"Work-item,medium,to-do",0,0
66,https://costa.ls.fi.upm.es/gitlab/230291/parking-jam/-/issues/66,Finalize README,Open,,"HERNÁNDEZ SÁNCHEZ, ALEJANDRO",230291,"HERNÁNDEZ SÁNCHEZ, ALEJANDRO",230291,No,No,,2026-05-06 19:50:28,2026-06-07 17:01:17,,Sprint 2,,"Work-item,medium,to-do",0,0
69,https://costa.ls.fi.upm.es/gitlab/230291/parking-jam/-/issues/69,Create key shortcuts to save game,Open,,"HERNÁNDEZ SÁNCHEZ, ALEJANDRO",230291,"VALCÁRCEL MONTIEL, PEDRO",230061,No,No,,2026-06-07 16:59:58,2026-06-07 17:20:06,,Sprint 2,,"Work-item,medium,to-do",0,0
